<?xml version="1.0" encoding="UTF-8" standalone="yes"?>
<addon id="plugin.video.slovak.channels.tv" name="LIVE TV SK-CZ" version="1.0.0" provider-name="Blazej Rypak">
	<requires>
		<import addon="xbmc.python" version="2.19.0" />
	</requires>
	<extension point="xbmc.python.pluginsource" library="default.py">
		<provides>video</provides>
	</extension>
	<extension point="xbmc.addon.metadata">
		<summary lang="sk">LIVE TV SK-CZ</summary>
		<description lang="en">Sleduj LIVE TV slovenských, českých a zahraničných kanálov</description>
		<platform>all</platform>
		<genre>movies, sk</genre>
	</extension>
</addon>
