<?xml version="1.0" encoding="UTF-8" standalone="yes"?>
<addon id="plugin.video.topserialy.sk" name="topserialy.sk" version="1.0.0" provider-name="Blazej Rypak">
	<requires>
		<import addon="xbmc.python" version="2.19.0" />
		<import addon="script.module.urlresolver" version="4.0.17"/>
	</requires>
	<extension point="xbmc.python.pluginsource" library="default.py">
		<provides>video</provides>
	</extension>
	<extension point="xbmc.addon.metadata">
		<summary lang="sk">topserialy.sk</summary>
		<description lang="en">Sleduj serialy online zdarma na topserialy.sk</description>
		<platform>all</platform>
		<genre>movies, sk</genre>
	</extension>
</addon>
